id,urn,url
1,urn:li:activity:7378269801393278976,https://www.linkedin.com/feed/update/urn:li:activity:7378269801393278976/
2,urn:li:activity:7373938014852538368,https://www.linkedin.com/feed/update/urn:li:activity:7373938014852538368/
3,urn:li:activity:7333467466251091968,https://www.linkedin.com/feed/update/urn:li:activity:7333467466251091968/
4,urn:li:activity:7373410905080111104,https://www.linkedin.com/feed/update/urn:li:activity:7373410905080111104/
5,urn:li:activity:7286364713590894592,https://www.linkedin.com/feed/update/urn:li:activity:7286364713590894592/
6,urn:li:activity:7363079806671876097,https://www.linkedin.com/feed/update/urn:li:activity:7363079806671876097/
7,urn:li:activity:7369217237481656323,https://www.linkedin.com/feed/update/urn:li:activity:7369217237481656323/
8,urn:li:activity:7361387570057900032,https://www.linkedin.com/feed/update/urn:li:activity:7361387570057900032/
9,urn:li:activity:7369094910425124867,https://www.linkedin.com/feed/update/urn:li:activity:7369094910425124867/
10,urn:li:activity:7372869654186405889,https://www.linkedin.com/feed/update/urn:li:activity:7372869654186405889/
11,urn:li:activity:7331292413484826625,https://www.linkedin.com/feed/update/urn:li:activity:7331292413484826625/
12,urn:li:activity:7319825593749893120,https://www.linkedin.com/feed/update/urn:li:activity:7319825593749893120/
13,urn:li:activity:7257979467673858049,https://www.linkedin.com/feed/update/urn:li:activity:7257979467673858049/
14,urn:li:activity:7255817329404436480,https://www.linkedin.com/feed/update/urn:li:activity:7255817329404436480/
15,urn:li:activity:7180268569799135232,https://www.linkedin.com/feed/update/urn:li:activity:7180268569799135232/
16,urn:li:activity:7057926297695498240,https://www.linkedin.com/feed/update/urn:li:activity:7057926297695498240/
